timestamp,temperature_celsius
2010-01-01 00:00:00,10.649987790000012
2010-01-01 01:00:00,9.513577011643367
2010-01-01 02:00:00,8.741472458956004
2010-01-01 03:00:00,8.286368306692959
2010-01-01 04:00:00,8.100958729609257
2010-01-01 05:00:00,8.137937902459933
2010-01-01 06:00:00,8.350000000000023
2010-01-01 07:00:00,8.689839196984554
2010-01-01 08:00:00,9.110149668168564
2010-01-01 09:00:00,9.563625588307083
2010-01-01 10:00:00,10.002961132155141
2010-01-01 11:00:00,10.380850474467772
2010-01-01 12:00:00,10.649987790000012
2010-01-01 13:00:00,10.777502962733337
2010-01-01 14:00:00,10.788268713555029
2010-01-01 15:00:00,10.721593472578814
2010-01-01 16:00:00,10.61678566991842
2010-01-01 17:00:00,10.51315373568757
2010-01-01 18:00:00,10.450006099999996
2010-01-01 19:00:00,10.45520408717474
2010-01-01 20:00:00,10.510820598352103
2010-01-01 21:00:00,10.587481428877695
2010-01-01 22:00:00,10.655812374097135
2010-01-01 23:00:00,10.686439229356033
2010-01-02 00:00:00,10.649987790000012
2010-01-02 01:00:00,10.527603797132524
2010-01-02 02:00:00,10.342512774888435
2010-01-02 03:00:00,10.128460193160434
2010-01-02 04:00:00,9.919191521841233
2010-01-02 05:00:00,9.748452230823522
2010-01-02 06:00:00,9.649987790000012
2010-01-02 07:00:00,9.647281192860023
2010-01-02 08:00:00,9.722765527279405
2010-01-02 09:00:00,9.848611404730626
2010-01-02 10:00:00,9.996989436686157
2010-01-02 11:00:00,10.14007023461847
2010-01-02 12:00:00,10.250024410000036
2010-01-02 13:00:00,10.30594082966822
2010-01-02 14:00:00,10.314581381919988
2010-01-02 15:00:00,10.289626210417191
2010-01-02 16:00:00,10.244755458821691
2010-01-02 17:00:00,10.193649270795346
2010-01-02 18:00:00,10.149987790000012
2010-01-02 19:00:00,10.124393484115398
2010-01-02 20:00:00,10.115258116892646
2010-01-02 21:00:00,10.117915776100741
2010-01-02 22:00:00,10.127700549508676
2010-01-02 23:00:00,10.139946524885435
2010-01-03 00:00:00,10.149987790000012
2010-01-03 01:00:00,10.155692510027668
2010-01-03 02:00:00,10.165065159768762
2010-01-03 03:00:00,10.188644291429913
2010-01-03 04:00:00,10.236968457217754
2010-01-03 05:00:00,10.320576209338903
2010-01-03 06:00:00,10.450006099999996
2010-01-03 07:00:00,10.63195870373693
2010-01-03 08:00:00,10.857782684402714
2010-01-03 09:00:00,11.114988728179629
2010-01-03 10:00:00,11.39108752124996
2010-01-03 11:00:00,11.673589749795987
2010-01-03 12:00:00,11.950006099999996
2010-01-03 13:00:00,12.20862830858941
2010-01-03 14:00:00,12.44087231447222
2010-01-03 15:00:00,12.63893510710155
2010-01-03 16:00:00,12.795013675930537
2010-01-03 17:00:00,12.90130501041231
2010-01-03 18:00:00,12.950006099999996
2010-01-03 19:00:00,12.93773135685911
2010-01-03 20:00:00,12.87876488400469
2010-01-03 21:00:00,12.791808207164154
2010-01-03 22:00:00,12.69556285206492
2010-01-03 23:00:00,12.608730344434406
2010-01-04 00:00:00,12.550012210000034
2010-01-04 01:00:00,12.533085130640847
2010-01-04 02:00:00,12.551526412842415
2010-01-04 03:00:00,12.593888519241926
2010-01-04 04:00:00,12.648723912476571
2010-01-04 05:00:00,12.704585055183543
2010-01-04 06:00:00,12.750024410000036
2010-01-04 07:00:00,12.77862815951286
2010-01-04 08:00:00,12.804117366107322
2010-01-04 09:00:00,12.845246812118345
2010-01-04 10:00:00,12.920771279880853
2010-01-04 11:00:00,13.049445551729773
2010-01-04 12:00:00,13.250024410000036
2010-01-04 13:00:00,13.530319239363473
2010-01-04 14:00:00,13.854367833839618
2010-01-04 15:00:00,14.175264589784902
2010-01-04 16:00:00,14.44610390355577
2010-01-04 17:00:00,14.619980171508658
2010-01-04 18:00:00,14.649987790000012
2010-01-04 19:00:00,14.506665266690817
2010-01-04 20:00:00,14.230327554460288
2010-01-04 21:00:00,13.87873371749218
2010-01-04 22:00:00,13.509642819970255
2010-01-04 23:00:00,13.180813926078272
2010-01-05 00:00:00,12.950006099999996
2010-01-05 01:00:00,12.858737159799231
2010-01-05 02:00:00,12.883559939060008
2010-01-05 03:00:00,12.984786025246402
2010-01-05 04:00:00,13.122727005822483
2010-01-05 05:00:00,13.257694468252332
2010-01-05 06:00:00,13.350000000000025
2010-01-05 07:00:00,13.368587624853014
2010-01-05 08:00:00,13.316931111892305
2010-01-05 09:00:00,13.207136666522269
2010-01-05 10:00:00,13.05131049414729
2010-01-05 11:00:00,12.861558800171743
2010-01-05 12:00:00,12.649987790000012
2010-01-05 13:00:00,12.427082006159184
2010-01-05 14:00:00,12.19683933966718
2010-01-05 15:00:00,11.961636018664631
2010-01-05 16:00:00,11.723848271292173
2010-01-05 17:00:00,11.485852325690427
2010-01-05 18:00:00,11.250024410000036
2010-01-05 19:00:00,11.017057111019621
2010-01-05 20:00:00,10.780908450179842
2010-01-05 21:00:00,10.53385280756934
2010-01-05 22:00:00,10.26816456327677
2010-01-05 23:00:00,9.976118097390772
2010-01-06 00:00:00,9.649987790000012
2010-01-06 01:00:00,9.287164582447664
2010-01-06 02:00:00,8.905505661095082
2010-01-06 03:00:00,8.527984773558142
2010-01-06 04:00:00,8.177575667452729
2010-01-06 05:00:00,7.877252090394723
2010-01-06 06:00:00,7.6499877900000115
2010-01-06 07:00:00,7.512010269097204
2010-01-06 08:00:00,7.452562051365835
2010-01-06 09:00:00,7.454139415698167
2010-01-06 10:00:00,7.499238640986465
2010-01-06 11:00:00,7.57035600612299
2010-01-06 12:00:00,7.6499877900000115
2010-01-06 13:00:00,7.721665638663586
2010-01-06 14:00:00,7.773062666774982
2010-01-06 15:00:00,7.792887356149261
2010-01-06 16:00:00,7.769848188601487
2010-01-06 17:00:00,7.692653645946723
2010-01-06 18:00:00,7.550012210000034
2010-01-06 19:00:00,7.338329335646699
2010-01-06 20:00:00,7.084798370052871
2010-01-06 21:00:00,6.82430963345492
2010-01-06 22:00:00,6.591753446089216
2010-01-06 23:00:00,6.422020128192127
2010-01-07 00:00:00,6.350000000000023
2010-01-07 01:00:00,6.40052000333312
2010-01-07 02:00:00,6.558153566347033
2010-01-07 03:00:00,6.797410738781221
2010-01-07 04:00:00,7.092801570375144
2010-01-07 05:00:00,7.418836110868263
2010-01-07 06:00:00,7.750024410000037
2010-01-07 07:00:00,8.063802750326536
2010-01-07 08:00:00,8.349312345670276
2010-01-07 09:00:00,8.598620642670372
2010-01-07 10:00:00,8.80379508796595
2010-01-07 11:00:00,8.95690312819613
2010-01-07 12:00:00,9.050012210000034
2010-01-07 13:00:00,9.077252439342418
2010-01-07 14:00:00,9.041004559490593
2010-01-07 15:00:00,8.945711973037497
2010-01-07 16:00:00,8.795818082576076
2010-01-07 17:00:00,8.59576629069927
2010-01-07 18:00:00,8.350000000000023
2010-01-07 19:00:00,8.062433834757675
2010-01-07 20:00:00,7.7348673059971595
2010-01-07 21:00:00,7.368571146429805
2010-01-07 22:00:00,6.9648160887669475
2010-01-07 23:00:00,6.524872865719913
2010-01-08 00:00:00,6.050012210000034
2010-01-08 01:00:00,5.546649505099262
2010-01-08 02:00:00,5.041778737632045
2010-01-08 03:00:00,4.567538544993446
2010-01-08 04:00:00,4.156067564578529
2010-01-08 05:00:00,3.8395044337823627
2010-01-08 06:00:00,3.649987790000012
2010-01-08 07:00:00,3.6060886056324697
2010-01-08 08:00:00,3.6721071931044396
2010-01-08 09:00:00,3.7987761998465506
2010-01-08 10:00:00,3.9368282732894335
2010-01-08 11:00:00,4.036996060863718
2010-01-08 12:00:00,4.050012210000034
2010-01-08 13:00:00,3.9414754396857896
2010-01-08 14:00:00,3.736448755135509
2010-01-08 15:00:00,3.4748612331204916
2010-01-08 16:00:00,3.1966419504120402
2010-01-08 17:00:00,2.941719983781454
2010-01-08 18:00:00,2.7500244100000373
2010-01-08 19:00:00,2.647532242291232
2010-01-08 20:00:00,2.6044122396870613
2010-01-08 21:00:00,2.5768810976716883
2010-01-08 22:00:00,2.521155511729279
2010-01-08 23:00:00,2.393452177343998
2010-01-09 00:00:00,2.1499877900000115
2010-01-09 01:00:00,1.7656996271216832
2010-01-09 02:00:00,1.2904072938941884
2010-01-09 03:00:00,0.7926509774429006
2010-01-09 04:00:00,0.34097086489319395
2010-01-09 05:00:00,0.003907143370443511
2010-01-09 06:00:00,-0.1499999999999772
2010-01-09 07:00:00,-0.07471533804638408
2010-01-09 08:00:00,0.18577651658813854
2010-01-09 09:00:00,0.5649859913068168
2010-01-09 10:00:00,0.996423513512876
2010-01-09 11:00:00,1.4135995106095407
2010-01-09 12:00:00,1.7500244100000373
2010-01-09 13:00:00,1.954952341499192
2010-01-09 14:00:00,2.0406122445682384
2010-01-09 15:00:00,2.0349767610800114
2010-01-09 16:00:00,1.9660185329073452
2010-01-09 17:00:00,1.8617102019230756
2010-01-09 18:00:00,1.7500244100000373
2010-01-09 19:00:00,1.6522604716331646
2010-01-09 20:00:00,1.5630243918057933
2010-01-09 21:00:00,1.4702488481233593
2010-01-09 22:00:00,1.3618665181912974
2010-01-09 23:00:00,1.225810079615044
2010-01-10 00:00:00,1.050012210000034
2010-01-10 01:00:00,0.8305775291905896
2010-01-10 02:00:00,0.5962984259865813
2010-01-10 03:00:00,0.3841392314267653
2010-01-10 04:00:00,0.23106427654989817
2010-01-10 05:00:00,0.17403789239473672
2010-01-10 06:00:00,0.2500244100000373
2010-01-10 07:00:00,0.4833991928546869
2010-01-10 08:00:00,0.8481817342480925
2010-01-10 09:00:00,1.3058025599197916
2010-01-10 10:00:00,1.8176921956093215
2010-01-10 11:00:00,2.345281167056219
2010-01-10 12:00:00,2.8500000000000227
2010-01-10 13:00:00,3.2975006936038245
2010-01-10 14:00:00,3.6703211407249414
2010-01-10 15:00:00,3.955220707644246
2010-01-10 16:00:00,4.138958760642612
2010-01-10 17:00:00,4.208294666000908
2010-01-10 18:00:00,4.149987790000012
2010-01-10 19:00:00,3.9631671265727357
2010-01-10 20:00:00,3.696440180259667
2010-01-10 21:00:00,3.4107840832533327
2010-01-10 22:00:00,3.1671759677462634
2010-01-10 23:00:00,3.0265929659309876
2010-01-11 00:00:00,3.050012210000034
2010-01-11 01:00:00,3.277580822744234
2010-01-11 02:00:00,3.666125889347628
2010-01-11 03:00:00,4.151644485592561
2010-01-11 04:00:00,4.670133687261378
2010-01-11 05:00:00,5.157590570136421
2010-01-11 06:00:00,5.550012210000034
2010-01-11 07:00:00,5.798790819672742
2010-01-11 08:00:00,5.916899160127794
2010-01-11 09:00:00,5.932705129376617
2010-01-11 10:00:00,5.874576625430643
2010-01-11 11:00:00,5.770881546301298
2010-01-11 12:00:00,5.649987790000012
2010-01-11 13:00:00,5.535624053009411
2010-01-11 14:00:00,5.432962225696907
2010-01-11 15:00:00,5.342534996901107
2010-01-11 16:00:00,5.264875055460619
2010-01-11 17:00:00,5.200515090214051
2010-01-11 18:00:00,5.149987790000012
2010-01-11 19:00:00,5.113283582919326
2010-01-11 20:00:00,5.088223854121695
2010-01-11 21:00:00,5.072087728019032
2010-01-11 22:00:00,5.062154329023257
2010-01-11 23:00:00,5.055702781546285
2010-01-12 00:00:00,5.050012210000034
2010-01-12 01:00:00,5.04731787702635
2010-01-12 02:00:00,5.069679598186804
2010-01-12 03:00:00,5.144113327272894
2010-01-12 04:00:00,5.297635018076124
2010-01-12 05:00:00,5.55726062438799
2010-01-12 06:00:00,5.950006099999996
2010-01-12 07:00:00,6.488235160179106
2010-01-12 08:00:00,7.125702566094163
2010-01-12 09:00:00,7.801510840389472
2010-01-12 10:00:00,8.454762505709343
2010-01-12 11:00:00,9.02456008469808
2010-01-12 12:00:00,9.450006099999996
2010-01-12 13:00:00,9.688670535312776
2010-01-12 14:00:00,9.77199321854764
2010-01-12 15:00:00,9.749881438669195
2010-01-12 16:00:00,9.672242484642045
2010-01-12 17:00:00,9.588983645430789
2010-01-12 18:00:00,9.550012210000034
2010-01-12 19:00:00,9.586758545792048
2010-01-12 20:00:00,9.656745334159774
2010-01-12 21:00:00,9.699018334933827
2010-01-12 22:00:00,9.652623307944815
2010-01-12 23:00:00,9.456606013023345
2010-01-13 00:00:00,9.050012210000034
2010-01-13 01:00:00,8.401401929621063
2010-01-13 02:00:00,7.597392286294925
2010-01-13 03:00:00,6.754114665345686
2010-01-13 04:00:00,5.9877004520974095
2010-01-13 05:00:00,5.414281031874163
2010-01-13 06:00:00,5.149987790000012
2010-01-13 07:00:00,5.272483541186829
2010-01-13 08:00:00,5.705556817697713
2010-01-13 09:00:00,6.334527581183569
2010-01-13 10:00:00,7.044715793295305
2010-01-13 11:00:00,7.721441415683824
2010-01-13 12:00:00,8.250024410000037
2010-01-13 13:00:00,8.54755130905767
2010-01-13 14:00:00,8.658174930321765
2010-01-13 15:00:00,8.657814662420185
2010-01-13 16:00:00,8.622389893980793
2010-01-13 17:00:00,8.627820013631455
2010-01-13 18:00:00,8.750024410000037
2010-01-13 19:00:00,9.0429919612401
2010-01-13 20:00:00,9.47298950360803
2010-01-13 21:00:00,9.9843533628859
2010-01-13 22:00:00,10.521419864855797
2010-01-13 23:00:00,11.0285253352998
2010-01-14 00:00:00,11.450006099999996
2010-01-14 01:00:00,11.74541327125986
2010-01-14 02:00:00,11.935157107468473
2010-01-14 03:00:00,12.054862653536317
2010-01-14 04:00:00,12.140154954373871
2010-01-14 05:00:00,12.226659054891611
2010-01-14 06:00:00,12.350000000000025
2010-01-14 07:00:00,12.532800011868652
2010-01-14 08:00:00,12.745670021703313
2010-01-14 09:00:00,12.946218137968897
2010-01-14 10:00:00,13.092052469130289
2010-01-14 11:00:00,13.140781123652369
2010-01-14 12:00:00,13.050012210000034
2010-01-14 13:00:00,12.793316725154563
2010-01-14 14:00:00,12.408117220162868
2010-01-14 15:00:00,11.947799134588257
2010-01-14 16:00:00,11.465747907994038
2010-01-14 17:00:00,11.01534897994352
2010-01-14 18:00:00,10.649987790000012
2010-01-14 19:00:00,10.407386825105842
2010-01-14 20:00:00,10.262616761719434
2010-01-14 21:00:00,10.175085323678207
2010-01-14 22:00:00,10.10420023481961
2010-01-14 23:00:00,10.00936921898107
2010-01-15 00:00:00,9.850000000000025
2010-01-15 01:00:00,9.599781250996232
2010-01-15 02:00:00,9.289525442218766
2010-01-15 03:00:00,8.964325993199015
2010-01-15 04:00:00,8.66927632346838
2010-01-15 05:00:00,8.449469852558249
2010-01-15 06:00:00,8.350000000000023
2010-01-15 07:00:00,8.401351418779726
2010-01-15 08:00:00,8.575573695701936
2010-01-15 09:00:00,8.830107651025859
2010-01-15 10:00:00,9.122394105010708
2010-01-15 11:00:00,9.40987387791569
2010-01-15 12:00:00,9.649987790000012
2010-01-15 13:00:00,9.809608838792386
2010-01-15 14:00:00,9.893338730899526
2010-01-15 15:00:00,9.915211350197644
2010-01-15 16:00:00,9.889260580562961
2010-01-15 17:00:00,9.829520305871686
2010-01-15 18:00:00,9.750024410000036
2010-01-15 19:00:00,9.663445302347139
2010-01-15 20:00:00,9.577009494403791
2010-01-15 21:00:00,9.496582023183697
2010-01-15 22:00:00,9.428027925700567
2010-01-15 23:00:00,9.377212238968104
2010-01-16 00:00:00,9.350000000000025
2010-01-16 01:00:00,9.353363576217385
2010-01-16 02:00:00,9.398704656670677
2010-01-16 03:00:00,9.498532260817743
2010-01-16 04:00:00,9.66535540811643
2010-01-16 05:00:00,9.911683118024577
2010-01-16 06:00:00,10.250024410000036
2010-01-16 07:00:00,10.683801005468673
2010-01-16 08:00:00,11.180085433728488
2010-01-16 09:00:00,11.696862926045503
2010-01-16 10:00:00,12.192118713685744
2010-01-16 11:00:00,12.623838027915232
2010-01-16 12:00:00,12.950006099999996
2010-01-16 13:00:00,13.140702581121024
2010-01-16 14:00:00,13.214384802119191
2010-01-16 15:00:00,13.201604513750334
2010-01-16 16:00:00,13.132913466770288
2010-01-16 17:00:00,13.038863411934896
2010-01-16 18:00:00,12.950006099999996
2010-01-16 19:00:00,12.891398857362036
2010-01-16 20:00:00,12.866121312979915
2010-01-16 21:00:00,12.871758671453147
2010-01-16 22:00:00,12.905896137381237
2010-01-16 23:00:00,12.966118915363696
2010-01-17 00:00:00,13.050012210000034
2010-01-17 01:00:00,13.154859261606786
2010-01-17 02:00:00,13.276735453368605
2010-01-17 03:00:00,13.411414204187162
2010-01-17 04:00:00,13.554668932964136
2010-01-17 05:00:00,13.702273058601195
2010-01-17 06:00:00,13.850000000000025
2010-01-17 07:00:00,13.992455454636904
2010-01-17 08:00:00,14.119574234286572
2010-01-17 09:00:00,14.220123429298368
2010-01-17 10:00:00,14.282870130021653
2010-01-17 11:00:00,14.296581426805755
2010-01-17 12:00:00,14.250024410000036
2010-01-17 13:00:00,14.136938313503169
2010-01-17 14:00:00,13.970950945411207
2010-01-17 15:00:00,13.770662257369525
2010-01-17 16:00:00,13.55467220102351
2010-01-17 17:00:00,13.341580728018544
2010-01-17 18:00:00,13.149987790000012
2010-01-17 19:00:00,12.992736522507986
2010-01-17 20:00:00,12.85964279666135
2010-01-17 21:00:00,12.734765667473663
2010-01-17 22:00:00,12.602164189958502
2010-01-17 23:00:00,12.445897419129436
2010-01-18 00:00:00,12.250024410000036
2010-01-18 01:00:00,12.006935816464994
2010-01-18 02:00:00,11.742348687943524
2010-01-18 03:00:00,11.490311672735954
2010-01-18 04:00:00,11.284873419142622
2010-01-18 05:00:00,11.160082575463864
2010-01-18 06:00:00,11.149987790000012
2010-01-18 07:00:00,11.275421283298856
2010-01-18 08:00:00,11.50434956489804
2010-01-18 09:00:00,11.791522716582653
2010-01-18 10:00:00,12.091690820137792
2010-01-18 11:00:00,12.359603957348552
2010-01-18 12:00:00,12.550012210000034
2010-01-18 13:00:00,12.629328384321168
2010-01-18 14:00:00,12.61061618431629
2010-01-18 15:00:00,12.518602038433563
2010-01-18 16:00:00,12.378012375121166
2010-01-18 17:00:00,12.213573622827264
2010-01-18 18:00:00,12.050012210000034
2010-01-18 19:00:00,11.907787270435165
2010-01-18 20:00:00,11.790288759318472
2010-01-18 21:00:00,11.696639337183278
2010-01-18 22:00:00,11.62596166456292
2010-01-18 23:00:00,11.577378401990726
2010-01-19 00:00:00,11.550012210000034
2010-01-19 01:00:00,11.544225423567992
2010-01-19 02:00:00,11.565339075447064
2010-01-19 03:00:00,11.619913872833521
2010-01-19 04:00:00,11.71451052292365
2010-01-19 05:00:00,11.855689732913726
2010-01-19 06:00:00,12.050012210000034
2010-01-19 07:00:00,12.299643611033801
2010-01-19 08:00:00,12.589169391486072
2010-01-19 09:00:00,12.898779956482834
2010-01-19 10:00:00,13.20866571115009
2010-01-19 11:00:00,13.499017060613824
2010-01-19 12:00:00,13.750024410000036
2010-01-19 13:00:00,13.945718352389598
2010-01-19 14:00:00,14.085490232682933
2010-01-19 15:00:00,14.172571583735337
2010-01-19 16:00:00,14.210193938402117
2010-01-19 17:00:00,14.201588829538574
2010-01-19 18:00:00,14.149987790000012
2010-01-19 19:00:00,14.057379607972788
2010-01-19 20:00:00,13.920782092967539
2010-01-19 21:00:00,13.735970309825946
2010-01-19 22:00:00,13.498719323389702
2010-01-19 23:00:00,13.204804198500499
2010-01-20 00:00:00,12.850000000000025
2010-01-20 01:00:00,12.437230480302672
2010-01-20 02:00:00,11.99801414211368
2010-01-20 03:00:00,11.57101817571098
2010-01-20 04:00:00,11.194909771372515
2010-01-20 05:00:00,10.908356119376219
2010-01-20 06:00:00,10.750024410000036
2010-01-20 07:00:00,10.74511871688148
2010-01-20 08:00:00,10.86499064709642
2010-01-20 09:00:00,11.067528691080298
2010-01-20 10:00:00,11.310621339268565
2010-01-20 11:00:00,11.552157082096661
2010-01-20 12:00:00,11.750024410000036
2010-01-20 13:00:00,11.871315705366047
2010-01-20 14:00:00,11.919938918389727
2010-01-20 15:00:00,11.909005891218019
2010-01-20 16:00:00,11.851628465997866
2010-01-20 17:00:00,11.760918484876216
2010-01-20 18:00:00,11.649987790000012
2010-01-20 19:00:00,11.527114856006351
2010-01-20 20:00:00,11.38124468749297
2010-01-20 21:00:00,11.196488921547758
2010-01-20 22:00:00,10.956959195258605
2010-01-20 23:00:00,10.6467671457134
2010-01-21 00:00:00,10.250024410000036
2010-01-21 01:00:00,9.764211870330888
2010-01-21 02:00:00,9.240287389416297
2010-01-21 03:00:00,8.742578075091085
2010-01-21 04:00:00,8.335411035190088
2010-01-21 05:00:00,8.083113377548127
2010-01-21 06:00:00,8.050012210000034
2010-01-21 07:00:00,8.277254837948071
2010-01-21 08:00:00,8.713269357064272
2010-01-21 09:00:00,9.2833040605881
2010-01-21 10:00:00,9.912607241759023
2010-01-21 11:00:00,10.526427193816511
2010-01-21 12:00:00,11.050012210000034
2010-01-21 13:00:00,11.424534283247398
2010-01-21 14:00:00,11.654860205289785
2010-01-21 15:00:00,11.761780467556719
2010-01-21 16:00:00,11.766085561477723
2010-01-21 17:00:00,11.688565978482318
2010-01-21 18:00:00,11.550012210000034
2010-01-21 19:00:00,11.36727393813661
2010-01-21 20:00:00,11.141437607702713
2010-01-21 21:00:00,10.869648854185222
2010-01-21 22:00:00,10.549053313071024
2010-01-21 23:00:00,10.176796619846998
2010-01-22 00:00:00,9.750024410000036
2010-01-22 01:00:00,9.275443824623023
2010-01-22 02:00:00,8.798008027232898
2010-01-22 03:00:00,8.37223168695259
2010-01-22 04:00:00,8.052629472905046
2010-01-22 05:00:00,7.893716054213201
2010-01-22 06:00:00,7.950006099999996
2010-01-22 07:00:00,8.256061370176994
2010-01-22 08:00:00,8.766631987810268
2010-01-22 09:00:00,9.416515166754511
2010-01-22 10:00:00,10.140508120864423
2010-01-22 11:00:00,10.873408063994697
2010-01-22 12:00:00,11.550012210000034
2010-01-22 13:00:00,12.114719303650533
2010-01-22 14:00:00,12.550334213377957
2010-01-22 15:00:00,12.849263338529456
2010-01-22 16:00:00,13.003913078452193
2010-01-22 17:00:00,13.006689832493326
2010-01-22 18:00:00,12.850000000000025
2010-01-22 19:00:00,12.534648985174725
2010-01-22 20:00:00,12.095038211641034
2010-01-22 21:00:00,11.573968107877832
2010-01-22 22:00:00,11.014239102364002
2010-01-22 23:00:00,10.458651623578428
2010-01-23 00:00:00,9.950006099999996
2010-01-23 01:00:00,9.524942164215473
2010-01-23 02:00:00,9.195456265243173
2010-01-23 03:00:00,8.96738405620928
2010-01-23 04:00:00,8.846561190239992
2010-01-23 05:00:00,8.838823320461497
2010-01-23 06:00:00,8.950006099999996
2010-01-23 07:00:00,9.178578362592994
2010-01-23 08:00:00,9.493541664423297
2010-01-23 09:00:00,9.856530742285027
2010-01-23 10:00:00,10.22918033297231
2010-01-23 11:00:00,10.573125173279266
2010-01-23 12:00:00,10.850000000000025
2010-01-23 13:00:00,11.030215828005154
2010-01-23 14:00:00,11.119288784471081
2010-01-23 15:00:00,11.131511274650661
2010-01-23 16:00:00,11.081175703796768
2010-01-23 17:00:00,10.982574477162263
2010-01-23 18:00:00,10.850000000000025
2010-01-23 19:00:00,10.695932338858723
2010-01-23 20:00:00,10.525602205470294
2010-01-23 21:00:00,10.342427972862469
2010-01-23 22:00:00,10.14982801406299
2010-01-23 23:00:00,9.9512207020996
2010-01-24 00:00:00,9.750024410000036
2010-01-24 01:00:00,9.551833810911956
2010-01-24 02:00:00,9.370948778462733
2010-01-24 03:00:00,9.223845486399638
2010-01-24 04:00:00,9.127000108469964
2010-01-24 05:00:00,9.096888818420993
2010-01-24 06:00:00,9.149987790000012
2010-01-24 07:00:00,9.294955341660273
2010-01-24 08:00:00,9.509178370678933
2010-01-24 09:00:00,9.76222591903911
2010-01-24 10:00:00,10.023667028723933
2010-01-24 11:00:00,10.263070741716518
2010-01-24 12:00:00,10.450006099999996
2010-01-24 13:00:00,10.560914253234039
2010-01-24 14:00:00,10.599724781784541
2010-01-24 15:00:00,10.577239373693944
2010-01-24 16:00:00,10.5042597170047
2010-01-24 17:00:00,10.391587499759245
2010-01-24 18:00:00,10.250024410000036
2010-01-24 19:00:00,10.087831246514726
2010-01-24 20:00:00,9.903105251071862
2010-01-24 21:00:00,9.6914027761852
2010-01-24 22:00:00,9.4482801743685
2010-01-24 23:00:00,9.169293798135522
2010-01-25 00:00:00,8.850000000000023
2010-01-25 01:00:00,8.49156196172574
2010-01-25 02:00:00,8.11757018207633
2010-01-25 03:00:00,7.757221989065421
2010-01-25 04:00:00,7.439714710706648
2010-01-25 05:00:00,7.19424567501364
2010-01-25 06:00:00,7.050012210000034
2010-01-25 07:00:00,7.025583768758396
2010-01-25 08:00:00,7.097018304697056
2010-01-25 09:00:00,7.229745896303281
2010-01-25 10:00:00,7.389196622064337
2010-01-25 11:00:00,7.540800560467492
2010-01-25 12:00:00,7.6499877900000115
2010-01-25 13:00:00,7.690390147176019
2010-01-25 14:00:00,7.6684465006170734
2010-01-25 15:00:00,7.598797476971588
2010-01-25 16:00:00,7.496083702887977
2010-01-25 17:00:00,7.374945805014654
2010-01-25 18:00:00,7.250024410000037
2010-01-25 19:00:00,7.134613331565423
2010-01-25 20:00:00,7.0366191317236675
2010-01-25 21:00:00,6.962601559560507
2010-01-25 22:00:00,6.9191203641616825
2010-01-25 23:00:00,6.912735294612931
2010-01-26 00:00:00,6.950006099999996
2010-01-26 01:00:00,7.0346788708216845
2010-01-26 02:00:00,7.159245063229117
2010-01-26 03:00:00,7.3133824747864775
2010-01-26 04:00:00,7.486768903057956
2010-01-26 05:00:00,7.6690821456077405
2010-01-26 06:00:00,7.850000000000023
2010-01-26 07:00:00,8.01976436315713
2010-01-26 08:00:00,8.170873529433981
2010-01-26 09:00:00,8.296389892543635
2010-01-26 10:00:00,8.389375846199147
2010-01-26 11:00:00,8.442893784113581
2010-01-26 12:00:00,8.450006099999996
2010-01-26 13:00:00,8.405721281225793
2010-01-26 14:00:00,8.312832189775762
2010-01-26 15:00:00,8.176077781289036
2010-01-26 16:00:00,8.000197011404753
2010-01-26 17:00:00,7.789928835762039
2010-01-26 18:00:00,7.550012210000034
2010-01-26 19:00:00,7.284707901199005
2010-01-26 20:00:00,6.996363922203778
2010-01-26 21:00:00,6.686850097300306
2010-01-26 22:00:00,6.35803625077455
2010-01-26 23:00:00,6.011792206912466
2010-01-27 00:00:00,5.649987790000012
2010-01-27 01:00:00,5.278163697450551
2010-01-27 02:00:00,4.91654411918705
2010-01-27 03:00:00,4.589024118259877
2010-01-27 04:00:00,4.319498757719403
2010-01-27 05:00:00,4.131863100615998
2010-01-27 06:00:00,4.050012210000034
2010-01-27 07:00:00,4.088727617887798
2010-01-27 08:00:00,4.226336732159265
2010-01-27 09:00:00,4.432053429660326
2010-01-27 10:00:00,4.675091587236876
2010-01-27 11:00:00,4.9246650817348065
2010-01-27 12:00:00,5.149987790000012
2010-01-27 13:00:00,5.32852070729471
2010-01-27 14:00:00,5.470713302546414
2010-01-27 15:00:00,5.595262163098959
2010-01-27 16:00:00,5.720863876296186
2010-01-27 17:00:00,5.866215029481932
2010-01-27 18:00:00,6.050012210000034
2010-01-27 19:00:00,6.277724306266815
2010-01-27 20:00:00,6.501909410988545
2010-01-27 21:00:00,6.661897917943975
2010-01-27 22:00:00,6.6970202209118606
2010-01-27 23:00:00,6.546606713670955
2010-01-28 00:00:00,6.149987790000012
2010-01-28 01:00:00,5.479584294814109
2010-01-28 02:00:00,4.64017887757363
2010-01-28 03:00:00,3.769644638875276
2010-01-28 04:00:00,3.005854679315753
2010-01-28 05:00:00,2.486682099491767
2010-01-28 06:00:00,2.3500000000000227
2010-01-28 07:00:00,2.6881578933657346
2010-01-28 08:00:00,3.4114109398281496
2010-01-28 09:00:00,4.384490711555026
2010-01-28 10:00:00,5.4721287807141215
2010-01-28 11:00:00,6.539056719473191
2010-01-28 12:00:00,7.450006099999996
2010-01-28 13:00:00,8.099268149084148
2010-01-28 14:00:00,8.49937271200273
2010-01-28 15:00:00,8.69240928865467
2010-01-28 16:00:00,8.720467378938904
2010-01-28 17:00:00,8.625636482754368
2010-01-28 18:00:00,8.450006099999996
2010-01-28 19:00:00,8.230543320945799
2010-01-28 20:00:00,7.983725597346094
2010-01-28 21:00:00,7.7209079713262705
2010-01-28 22:00:00,7.453445485011718
2010-01-28 23:00:00,7.192693180527829
2010-01-29 00:00:00,6.950006099999996
2010-01-29 01:00:00,6.738317361114105
2010-01-29 02:00:00,6.576872383798054
2010-01-29 03:00:00,6.486494663540228
2010-01-29 04:00:00,6.48800769582902
2010-01-29 05:00:00,6.602234976152821
2010-01-29 06:00:00,6.850000000000023
2010-01-29 07:00:00,7.240751269782975
2010-01-29 08:00:00,7.738437315609875
2010-01-29 09:00:00,8.295631674512876
2010-01-29 10:00:00,8.86490788352413
2010-01-29 11:00:00,9.398839479675795
2010-01-29 12:00:00,9.850000000000025
2010-01-29 13:00:00,10.183866303272628
2010-01-29 14:00:00,10.417528535244054
2010-01-29 15:00:00,10.580980163408404
2010-01-29 16:00:00,10.704214655259776
2010-01-29 17:00:00,10.81722547829227
2010-01-29 18:00:00,10.950006099999996
2010-01-29 19:00:00,11.120552463006232
2010-01-29 20:00:00,11.298870410451018
2010-01-29 21:00:00,11.442968260603573
2010-01-29 22:00:00,11.510854331733112
2010-01-29 23:00:00,11.460536942108861
2010-01-30 00:00:00,11.250024410000036
2010-01-30 01:00:00,10.858059809980263
2010-01-30 02:00:00,10.346325241840825
2010-01-30 03:00:00,9.797237561677397
2010-01-30 04:00:00,9.29321362558567
2010-01-30 05:00:00,8.916670289661319
2010-01-30 06:00:00,8.750024410000037
2010-01-30 07:00:00,8.847807123971043
2010-01-30 08:00:00,9.153006694037732
2010-01-30 09:00:00,9.58072566393704
2010-01-30 10:00:00,10.046066577405904
2010-01-30 11:00:00,10.464131978181257
2010-01-30 12:00:00,10.750024410000036
2010-01-30 13:00:00,10.843450746728374
2010-01-30 14:00:00,10.782535182749202
2010-01-30 15:00:00,10.630006242574654
2010-01-30 16:00:00,10.448592450716854
2010-01-30 17:00:00,10.301022331687935
2010-01-30 18:00:00,10.250024410000036
2010-01-30 19:00:00,10.338721534300861
2010-01-30 20:00:00,10.531813849780486
2010-01-30 21:00:00,10.77439582576456
2010-01-30 22:00:00,11.011561931578742
2010-01-30 23:00:00,11.188406636548681
2010-01-31 00:00:00,11.250024410000036
2010-01-31 01:00:00,11.158291057549867
2010-01-31 02:00:00,10.942207729980916
2010-01-31 03:00:00,10.647556914367314
2010-01-31 04:00:00,10.320121097783204
2010-01-31 05:00:00,10.00568276730273
2010-01-31 06:00:00,9.750024410000036
2010-01-31 07:00:00,9.587519898277643
2010-01-31 08:00:00,9.506908645851617
2010-01-31 09:00:00,9.485521451766399
2010-01-31 10:00:00,9.500689115066432
2010-01-31 11:00:00,9.529742434796164
2010-01-31 12:00:00,9.550012210000034
2010-01-31 13:00:00,9.542682531561983
2010-01-31 14:00:00,9.504350657723933
2010-01-31 15:00:00,9.435467138567297
2010-01-31 16:00:00,9.336482524173492
2010-01-31 17:00:00,9.207847364623932
2010-01-31 18:00:00,9.050012210000034
2010-01-31 19:00:00,8.864052404826475
2010-01-31 20:00:00,8.653542471401002
2010-01-31 21:00:00,8.42268172646461
2010-01-31 22:00:00,8.175669486758313
2010-01-31 23:00:00,7.916705069023111
2010-02-01 00:00:00,7.6499877900000115
2010-02-01 01:00:00,7.3812353476044965
2010-02-01 02:00:00,7.122238964449991
2010-02-01 03:00:00,6.886308244324388
2010-02-01 04:00:00,6.686752791015588
2010-02-01 05:00:00,6.536882208311491
2010-02-01 06:00:00,6.450006099999996
2010-02-01 07:00:00,6.435975982764843
2010-02-01 08:00:00,6.490811024873147
2010-02-01 09:00:00,6.607072307487863
2010-02-01 10:00:00,6.7773209117719455
2010-02-01 11:00:00,6.994117918888353
2010-02-01 12:00:00,7.250024410000037
2010-02-01 13:00:00,7.5337117298546925
2010-02-01 14:00:00,7.818292277538971
2010-02-01 15:00:00,8.072988715724255
2010-02-01 16:00:00,8.267023707081934
2010-02-01 17:00:00,8.369619914283394
2010-02-01 18:00:00,8.350000000000023
2010-02-01 19:00:00,8.188533797862853
2010-02-01 20:00:00,7.910179825341515
2010-02-01 21:00:00,7.551043770865286
2010-02-01 22:00:00,7.147231322863443
2010-02-01 23:00:00,6.734848169765263
2010-02-02 00:00:00,6.350000000000023
2010-02-02 01:00:00,6.024667317860703
2010-02-02 02:00:00,5.774329891095106
2010-02-02 03:00:00,5.610342303314736
2010-02-02 04:00:00,5.5440591381310975
2010-02-02 05:00:00,5.586834979155696
2010-02-02 06:00:00,5.750024410000037
2010-02-02 07:00:00,6.038761223287085
2010-02-02 08:00:00,6.433296047685637
2010-02-02 09:00:00,6.907658720875951
2010-02-02 10:00:00,7.435879080538283
2010-02-02 11:00:00,7.991986964352891
2010-02-02 12:00:00,8.550012210000034
2010-02-02 13:00:00,9.082437843111538
2010-02-02 14:00:00,9.555559641125525
2010-02-02 15:00:00,9.934126569431674
2010-02-02 16:00:00,10.18288759341968
2010-02-02 17:00:00,10.266591678479228
2010-02-02 18:00:00,10.149987790000012
2010-02-02 19:00:00,9.813936862507669
2010-02-02 20:00:00,9.303747707071686
2010-02-02 21:00:00,8.680841103897494
2010-02-02 22:00:00,8.006637833190531
2010-02-02 23:00:00,7.342558675156233
2010-02-03 00:00:00,6.750024410000037
2010-02-03 01:00:00,6.281720628802344
2010-02-03 02:00:00,5.955392166143421
2010-02-03 03:00:00,5.780048667478496
2010-02-03 04:00:00,5.764699778262804
2010-02-03 05:00:00,5.9183551439515725
2010-02-03 06:00:00,6.250024410000037
2010-02-03 07:00:00,6.758379964227605
2010-02-03 08:00:00,7.400745163910405
2010-02-03 09:00:00,8.12410610868874
2010-02-03 10:00:00,8.87544889820292
2010-02-03 11:00:00,9.601759632093248
2010-02-03 12:00:00,10.250024410000036
2010-02-03 13:00:00,10.77657258447264
2010-02-03 14:00:00,11.175106519696666
2010-02-03 15:00:00,11.44867183276676
2010-02-03 16:00:00,11.600314140777584
2010-02-03 17:00:00,11.633079060823789
2010-02-03 18:00:00,11.550012210000034
2010-02-03 19:00:00,11.361845814780187
2010-02-03 20:00:00,11.110058539154997
2010-02-03 21:00:00,10.843815656494423
2010-02-03 22:00:00,10.612282440168421
2010-02-03 23:00:00,10.464624163546958
2010-02-04 00:00:00,10.450006099999996
2010-02-04 01:00:00,10.6011148307586
2010-02-04 02:00:00,10.884722168498278
2010-02-04 03:00:00,11.251121233755647
2010-02-04 04:00:00,11.650605147067315
2010-02-04 05:00:00,12.033467028969904
2010-02-04 06:00:00,12.350000000000025
2010-02-04 07:00:00,12.563355025842856
2010-02-04 08:00:00,12.68811445277786
2010-02-04 09:00:00,12.751718472233055
2010-02-04 10:00:00,12.781607275636466
2010-02-04 11:00:00,12.805221054416114
2010-02-04 12:00:00,12.850000000000025
2010-02-04 13:00:00,12.936672243138611
2010-02-04 14:00:00,13.059117671871894
2010-02-04 15:00:00,13.204504113562267
2010-02-04 16:00:00,13.359999395572144
2010-02-04 17:00:00,13.51277134526392
2010-02-04 18:00:00,13.649987790000012
2010-02-04 19:00:00,13.758918348408363
2010-02-04 20:00:00,13.827239804179122
2010-02-04 21:00:00,13.842730732267974
2010-02-04 22:00:00,13.79316970763061
2010-02-04 23:00:00,13.666335305222718
2010-02-05 00:00:00,13.450006099999996
2010-02-05 01:00:00,13.142431777070572
2010-02-05 02:00:00,12.783746462152399
2010-02-05 03:00:00,12.424555391115863
2010-02-05 04:00:00,12.11546379983136
2010-02-05 05:00:00,11.907076924169282
2010-02-05 06:00:00,11.850000000000025
2010-02-05 07:00:00,11.97600060326307
2010-02-05 08:00:00,12.241495670174288
2010-02-05 09:00:00,12.584064477018634
2010-02-05 10:00:00,12.94128630008106
2010-02-05 11:00:00,13.250740415646527
2010-02-05 12:00:00,13.450006099999996
2010-02-05 13:00:00,13.494782730293888
2010-02-05 14:00:00,13.413250087150523
2010-02-05 15:00:00,13.25170805205967
2010-02-05 16:00:00,13.056456506511116
2010-02-05 17:00:00,12.873795331994645
2010-02-05 18:00:00,12.750024410000036
2010-02-05 19:00:00,12.715300624126234
2010-02-05 20:00:00,12.735208866408882
2010-02-05 21:00:00,12.75919103099278
2010-02-05 22:00:00,12.736689012022735
2010-02-05 23:00:00,12.617144703643545
2010-02-06 00:00:00,12.350000000000025
2010-02-06 01:00:00,11.907538252923555
2010-02-06 02:00:00,11.353408644991895
2010-02-06 03:00:00,10.774101816469374
2010-02-06 04:00:00,10.256108407620333
2010-02-06 05:00:00,9.885919058709106
2010-02-06 06:00:00,9.750024410000036
2010-02-06 07:00:00,9.906450708855628
2010-02-06 08:00:00,10.299366631031113
2010-02-06 09:00:00,10.844476459379893
2010-02-06 10:00:00,11.457484476755372
2010-02-06 11:00:00,12.05409496601095
2010-02-06 12:00:00,12.550012210000034
2010-02-06 13:00:00,12.881586743552278
2010-02-06 14:00:00,13.067754109402372
2010-02-06 15:00:00,13.148096102261249
2010-02-06 16:00:00,13.162194516839858
2010-02-06 17:00:00,13.149631147849128
2010-02-06 18:00:00,13.149987790000012
2010-02-06 19:00:00,13.18992943994468
2010-02-06 20:00:00,13.244453902100295
2010-02-06 21:00:00,13.275642182825239
2010-02-06 22:00:00,13.245575288477914
2010-02-06 23:00:00,13.116334225416711
2010-02-07 00:00:00,12.850000000000025
2010-02-07 01:00:00,12.426248237178354
2010-02-07 02:00:00,11.895133036270632
2010-02-07 03:00:00,11.3243031151879
2010-02-07 04:00:00,10.781407191841199
2010-02-07 05:00:00,10.33409398414156
2010-02-07 06:00:00,10.050012210000034
2010-02-07 07:00:00,9.977774921712424
2010-02-07 08:00:00,10.089852509113632
2010-02-07 09:00:00,10.339679696423326
2010-02-07 10:00:00,10.680691207861171
2010-02-07 11:00:00,11.066321767646837
2010-02-07 12:00:00,11.450006099999996
2010-02-07 13:00:00,11.790486514953564
2010-02-07 14:00:00,12.067735665793467
2010-02-07 15:00:00,12.267033791618887
2010-02-07 16:00:00,12.373661131529005
2010-02-07 17:00:00,12.372897924622993
2010-02-07 18:00:00,12.250024410000036
2010-02-07 19:00:00,12.000162790464119
2010-02-07 20:00:00,11.657803123638494
2010-02-07 21:00:00,11.267277430851212
2010-02-07 22:00:00,10.87291773343034
2010-02-07 23:00:00,10.519056052703926
2010-02-08 00:00:00,10.250024410000036
2010-02-08 01:00:00,10.100664740782737
2010-02-08 02:00:00,10.067858637060162
2010-02-08 03:00:00,10.138997604976456
2010-02-08 04:00:00,10.301473150675768
2010-02-08 05:00:00,10.54267678030224
2010-02-08 06:00:00,10.850000000000025
2010-02-08 07:00:00,11.207471411914385
2010-02-08 08:00:00,11.585668002195117
2010-02-08 09:00:00,11.951803852993129
2010-02-08 10:00:00,12.273093046459339
2010-02-08 11:00:00,12.51674966474466
2010-02-08 12:00:00,12.649987790000012
2010-02-08 13:00:00,12.651389132254293
2010-02-08 14:00:00,12.545005913048382
2010-02-08 15:00:00,12.366257981801136
2010-02-08 16:00:00,12.15056518793142
2010-02-08 17:00:00,11.933347380858098
2010-02-08 18:00:00,11.750024410000036
2010-02-08 19:00:00,11.625852226985218
2010-02-08 20:00:00,11.545431192278151
2010-02-08 21:00:00,11.483197768552465
2010-02-08 22:00:00,11.413588418481794
2010-02-08 23:00:00,11.311039604739763
2010-02-09 00:00:00,11.149987790000012
2010-02-09 01:00:00,10.913788188369809
2010-02-09 02:00:00,10.621471019691016
2010-02-09 03:00:00,10.300985255239134
2010-02-09 04:00:00,9.980279866289669
2010-02-09 05:00:00,9.687303824118123
2010-02-09 06:00:00,9.450006099999996
2010-02-09 07:00:00,9.289342228100418
2010-02-09 08:00:00,9.198293994143011
2010-02-09 09:00:00,9.162849746741022
2010-02-09 10:00:00,9.1689978345077
2010-02-09 11:00:00,9.202726606056288
2010-02-09 12:00:00,9.250024410000036
2010-02-09 13:00:00,9.297416073441525
2010-02-09 14:00:00,9.333572337440708
2010-02-09 15:00:00,9.347700421546865
2010-02-09 16:00:00,9.32900754530928
2010-02-09 17:00:00,9.266700928277233
2010-02-09 18:00:00,9.149987790000012
2010-02-09 19:00:00,8.97014577355029
2010-02-09 20:00:00,8.726734216094298
2010-02-09 21:00:00,8.421382878321653
2010-02-09 22:00:00,8.055721520921978
2010-02-09 23:00:00,7.6313799045848905
2010-02-10 00:00:00,7.149987790000012
2010-02-10 01:00:00,6.620560045135175
2010-02-10 02:00:00,6.081651967071071
2010-02-10 03:00:00,5.579203960166601
2010-02-10 04:00:00,5.159156428780669
2010-02-10 05:00:00,4.86744977727218
2010-02-10 06:00:00,4.750024410000037
2010-02-10 07:00:00,4.836487317390601
2010-02-10 08:00:00,5.091111834140068
2010-02-10 09:00:00,5.461837881012091
2010-02-10 10:00:00,5.8966053787703245
2010-02-10 11:00:00,6.3433542481784215
2010-02-10 12:00:00,6.750024410000037
2010-02-10 13:00:00,7.075282619839664
2010-02-10 14:00:00,7.320702972665167
2010-02-10 15:00:00,7.498586398285251
2010-02-10 16:00:00,7.621233826508621
2010-02-10 17:00:00,7.700946187143981
2010-02-10 18:00:00,7.750024410000037
2010-02-10 19:00:00,7.772713735426888
2010-02-10 20:00:00,7.7410366459402224
2010-02-10 21:00:00,7.618959934597122
2010-02-10 22:00:00,7.370450394454666
2010-02-10 23:00:00,6.959474818569938
2010-02-11 00:00:00,6.350000000000023
2010-02-11 01:00:00,5.529803752110384
2010-02-11 02:00:00,4.581907969500053
2010-02-11 03:00:00,3.613145567076437
2010-02-11 04:00:00,2.73034945974695
2010-02-11 05:00:00,2.040352562419004
2010-02-11 06:00:00,1.6499877900000115
2010-02-11 07:00:00,1.629362459140953
2010-02-11 08:00:00,1.901681493467085
2010-02-11 09:00:00,2.353424218347232
2010-02-11 10:00:00,2.8710699591502196
2010-02-11 11:00:00,3.3410980412448703
2010-02-11 12:00:00,3.649987790000012
2010-02-11 13:00:00,3.713791328409211
2010-02-11 14:00:00,3.5668519699650134
2010-02-11 15:00:00,3.2730858257847055
2010-02-11 16:00:00,2.896409006985578
2010-02-11 17:00:00,2.500737624684917
2010-02-11 18:00:00,2.1499877900000115
2010-02-11 19:00:00,1.890861986713013
2010-02-11 20:00:00,1.7012081892655253
2010-02-11 21:00:00,1.5416607447640156
2010-02-11 22:00:00,1.3728540003149505
2010-02-11 23:00:00,1.1554223030247972
2010-02-12 00:00:00,0.8500000000000227
2010-02-12 01:00:00,0.43613266663697164
2010-02-12 02:00:00,-0.030989208508501145
2010-02-12 03:00:00,-0.4772639085906639
2010-02-12 04:00:00,-0.8285897167637837
2010-02-12 05:00:00,-1.0108649161821286
2010-02-12 06:00:00,-0.949987789999966
2010-02-12 07:00:00,-0.5988064822422332
2010-02-12 08:00:00,-0.017968580416546732
2010-02-12 09:00:00,0.7049284670988082
2010-02-12 10:00:00,1.4822872119255452
2010-02-12 11:00:00,2.226510205685378
2010-02-12 12:00:00,2.8500000000000227
2010-02-12 13:00:00,3.284603199878437
2010-02-12 14:00:00,3.539942623878567
2010-02-12 15:00:00,3.6450851439456002
2010-02-12 16:00:00,3.629097632024728
2010-02-12 17:00:00,3.521046960061138
2010-02-12 18:00:00,3.3500000000000227
2010-02-12 19:00:00,3.14188225842307
2010-02-12 20:00:00,2.910053780457973
2010-02-12 21:00:00,2.664733245868924
2010-02-12 22:00:00,2.4161393344201163
2010-02-12 23:00:00,2.1744907258757427
2010-02-13 00:00:00,1.950006099999996
2010-02-13 01:00:00,1.7538959715682658
2010-02-13 02:00:00,1.6013381954007304
2010-02-13 03:00:00,1.5085024613287648
2010-02-13 04:00:00,1.4915584591837439
2010-02-13 05:00:00,1.5666758787970432
2010-02-13 06:00:00,1.7500244100000373
2010-02-13 07:00:00,2.049077058452071
2010-02-13 08:00:00,2.436520093124367
2010-02-13 09:00:00,2.876343098816117
2010-02-13 10:00:00,3.3325356603265135
2010-02-13 11:00:00,3.769087362454747
2010-02-13 12:00:00,4.149987790000012
2010-02-13 13:00:00,4.445244499392127
2010-02-13 14:00:00,4.648936933583438
2010-02-13 15:00:00,4.761162507156912
2010-02-13 16:00:00,4.782018634695522
2010-02-13 17:00:00,4.7116027307822375
2010-02-13 18:00:00,4.550012210000034
2010-02-13 19:00:00,4.3009498052295365
2010-02-13 20:00:00,3.9825395225420093
2010-02-13 21:00:00,3.616510686306371
2010-02-13 22:00:00,3.224592620891543
2010-02-13 23:00:00,2.828514650666444
2010-02-14 00:00:00,2.450006099999996
2010-02-14 01:00:00,2.109802114736152
2010-02-14 02:00:00,1.824661126619008
2010-02-14 03:00:00,1.6103473888676947
2010-02-14 04:00:00,1.482625154701341
2010-02-14 05:00:00,1.4572586773390772
2010-02-14 06:00:00,1.550012210000034
2010-02-14 07:00:00,1.7672988684185043
2010-02-14 08:00:00,2.078127218389436
2010-02-14 09:00:00,2.4421546882229404
2010-02-14 10:00:00,2.8190387062291276
2010-02-14 11:00:00,3.1684367007181087
2010-02-14 12:00:00,3.450006099999996
2010-02-14 13:00:00,3.6317107510343956
2010-02-14 14:00:00,3.7147401753789095
2010-02-14 15:00:00,3.708590313240633
2010-02-14 16:00:00,3.6227571048266647
2010-02-14 17:00:00,3.4667364903440996
2010-02-14 18:00:00,3.2500244100000373
2010-02-14 19:00:00,2.9855566294810094
2010-02-14 20:00:00,2.7000282163912988
2010-02-14 21:00:00,2.4235740638146233
2010-02-14 22:00:00,2.186329064834702
2010-02-14 23:00:00,2.0184281125352537
2010-02-15 00:00:00,1.950006099999996
2010-02-15 01:00:00,2.0034845037268854
2010-02-15 02:00:00,2.1704311338708284
2010-02-15 03:00:00,2.434700384000969
2010-02-15 04:00:00,2.78014664768645
2010-02-15 05:00:00,3.190624318496416
2010-02-15 06:00:00,3.649987790000012
2010-02-15 07:00:00,4.142653360009621
2010-02-15 08:00:00,4.655284943310596
2010-02-15 09:00:00,5.1751083589315305
2010-02-15 10:00:00,5.689349425901016
2010-02-15 11:00:00,6.1852339632476445
2010-02-15 12:00:00,6.649987790000012
2010-02-15 13:00:00,7.0716728951698755
2010-02-15 14:00:00,7.441695947701667
2010-02-15 15:00:00,7.752299786522983
2010-02-15 16:00:00,7.995727250561417
2010-02-15 17:00:00,8.164221178744569
2010-02-15 18:00:00,8.250024410000037
2010-02-15 19:00:00,8.252583716810983
2010-02-15 20:00:00,8.200161605882862
2010-02-15 21:00:00,8.128224517476685
2010-02-15 22:00:00,8.072238891853473
2010-02-15 23:00:00,8.067671169274242
2010-02-16 00:00:00,8.149987790000012
2010-02-16 01:00:00,8.342596956428942
2010-02-16 02:00:00,8.62067391950778
2010-02-16 03:00:00,8.947335692320417
2010-02-16 04:00:00,9.285699287950743
2010-02-16 05:00:00,9.598881719482646
2010-02-16 06:00:00,9.850000000000025
2010-02-16 07:00:00,10.01264387020483
2010-02-16 08:00:00,10.102293981271306
2010-02-16 09:00:00,10.144903711991757
2010-02-16 10:00:00,10.16642644115849
2010-02-16 11:00:00,10.192815547563814
2010-02-16 12:00:00,10.250024410000036
2010-02-16 13:00:00,10.358710715298187
2010-02-16 14:00:00,10.5183493824442
2010-02-16 15:00:00,10.723119638462734
2010-02-16 16:00:00,10.967200710378448
2010-02-16 17:00:00,11.244771825215992
2010-02-16 18:00:00,11.550012210000034
2010-02-16 19:00:00,11.872996825593363
2010-02-16 20:00:00,12.187383568211356
2010-02-16 21:00:00,12.462726067907507
2010-02-16 22:00:00,12.668577954735335
2010-02-16 23:00:00,12.774492858748342
2010-02-17 00:00:00,12.750024410000036
2010-02-17 01:00:00,12.57949398580078
2010-02-17 02:00:00,12.306293952488364
2010-02-17 03:00:00,11.988584423657436
2010-02-17 04:00:00,11.684525512902637
2010-02-17 05:00:00,11.452277333818618
2010-02-17 06:00:00,11.350000000000025
2010-02-17 07:00:00,11.417924504166669
2010-02-17 08:00:00,11.624565355539076
2010-02-17 09:00:00,11.920507942462924
2010-02-17 10:00:00,12.256337653283907
2010-02-17 11:00:00,12.58263987634771
2010-02-17 12:00:00,12.850000000000025
2010-02-17 13:00:00,13.019655570032684
2010-02-17 14:00:00,13.095452762022148
2010-02-17 15:00:00,13.09188990899101
2010-02-17 16:00:00,13.023465343961877
2010-02-17 17:00:00,12.90467739995735
2010-02-17 18:00:00,12.750024410000036
2010-02-17 19:00:00,12.569232266582375
2010-02-17 20:00:00,12.352937100076206
2010-02-17 21:00:00,12.08700260032321
2010-02-17 22:00:00,11.75729245716506
2010-02-17 23:00:00,11.349670360443437
2010-02-18 00:00:00,10.850000000000025
2010-02-18 01:00:00,10.25813884743429
2010-02-18 02:00:00,9.629919501376905
2010-02-18 03:00:00,9.035168342216327
2010-02-18 04:00:00,8.543711750341009
2010-02-18 05:00:00,8.225376106139418
2010-02-18 06:00:00,8.149987790000012
2010-02-18 07:00:00,8.36348514122688
2010-02-18 08:00:00,8.816254334786654
2010-02-18 09:00:00,9.434793504561595
2010-02-18 10:00:00,10.145600784433965
2010-02-18 11:00:00,10.875174308286024
2010-02-18 12:00:00,11.550012210000034
2010-02-18 13:00:00,12.1087261375657
2010-02-18 14:00:00,12.538381795402517
2010-02-18 15:00:00,12.838158402037417
2010-02-18 16:00:00,13.00723517599734
2010-02-18 17:00:00,13.04479133580922
2010-02-18 18:00:00,12.950006099999996
2010-02-18 19:00:00,12.72758582966785
2010-02-18 20:00:00,12.404345456195978
2010-02-18 21:00:00,12.012627053538816
2010-02-18 22:00:00,11.584772695650813
2010-02-18 23:00:00,11.153124456486404
2010-02-19 00:00:00,10.750024410000036
2010-02-19 01:00:00,10.4032217231611
2010-02-19 02:00:00,10.122093934998832
2010-02-19 03:00:00,9.911425677557403
2010-02-19 04:00:00,9.776001582881008
2010-02-19 05:00:00,9.720606283013822
2010-02-19 06:00:00,9.750024410000036
2010-02-19 07:00:00,9.861977871669414
2010-02-19 08:00:00,10.025937678994085
2010-02-19 09:00:00,10.204312118731766
2010-02-19 10:00:00,10.359509477640168
2010-02-19 11:00:00,10.453938042477004
2010-02-19 12:00:00,10.450006099999996
2010-02-19 13:00:00,10.321669698818798
2010-02-19 14:00:00,10.089075934950873
2010-02-19 15:00:00,9.783919666265628
2010-02-19 16:00:00,9.43789575063247
2010-02-19 17:00:00,9.082699045920801
2010-02-19 18:00:00,8.750024410000037
2010-02-19 19:00:00,8.463456387453597
2010-02-19 20:00:00,8.214138269721012
2010-02-19 21:00:00,7.985103034955818
2010-02-19 22:00:00,7.7593836613115625
2010-02-19 23:00:00,7.5200131269417865
2010-02-20 00:00:00,7.250024410000037
2010-02-20 01:00:00,6.942696170857741
2010-02-20 02:00:00,6.632289798757878
2010-02-20 03:00:00,6.363312365161311
2010-02-20 04:00:00,6.180270941528906
2010-02-20 05:00:00,6.127672599321526
2010-02-20 06:00:00,6.250024410000037
2010-02-20 07:00:00,6.574238609439732
2010-02-20 08:00:00,7.056848091173625
2010-02-20 09:00:00,7.636790913149157
2010-02-20 10:00:00,8.253005133313772
2010-02-20 11:00:00,8.844428809614914
2010-02-20 12:00:00,9.350000000000025
2010-02-20 13:00:00,9.721105576383534
2010-02-20 14:00:00,9.95892766654782
2010-02-20 15:00:00,10.077097212242247
2010-02-20 16:00:00,10.089245155216181
2010-02-20 17:00:00,10.009002437218983
2010-02-20 18:00:00,9.850000000000025
2010-02-20 19:00:00,9.626075489933692
2010-02-20 20:00:00,9.351893371894503
2010-02-20 21:00:00,9.042324815382
2010-02-20 22:00:00,8.712240989895728
2010-02-20 23:00:00,8.376513064935224
2010-02-21 00:00:00,8.050012210000034
2010-02-21 01:00:00,7.7491486920762975
2010-02-21 02:00:00,7.496489168096548
2010-02-21 03:00:00,7.316139392479912
2010-02-21 04:00:00,7.232205119645522
2010-02-21 05:00:00,7.2687921040125065
2010-02-21 06:00:00,7.450006099999996
2010-02-21 07:00:00,7.788960420557549
2010-02-21 08:00:00,8.254798612756458
2010-02-21 09:00:00,8.80567178219844
2010-02-21 10:00:00,9.399731034485216
2010-02-21 11:00:00,9.995127475218505
2010-02-21 12:00:00,10.550012210000034
2010-02-21 13:00:00,11.029781657869481
2010-02-21 14:00:00,11.42881349161843
2010-02-21 15:00:00,11.748730697476418
2010-02-21 16:00:00,11.991156261672986
2010-02-21 17:00:00,12.157713170437676
2010-02-21 18:00:00,12.250024410000036
2010-02-21 19:00:00,12.271168372918394
2010-02-21 20:00:00,12.2300450770663
2010-02-21 21:00:00,12.13700994664608
2010-02-21 22:00:00,12.002418405860068
2010-02-21 23:00:00,11.836625878910601
2010-02-22 00:00:00,11.649987790000012
2010-02-22 01:00:00,11.455534184623762
2010-02-22 02:00:00,11.276993593449848
2010-02-22 03:00:00,11.140769168439393
2010-02-22 04:00:00,11.073264061553523
2010-02-22 05:00:00,11.100881424753362
2010-02-22 06:00:00,11.250024410000036
2010-02-22 07:00:00,11.535403997475557
2010-02-22 08:00:00,11.924962480245538
2010-02-22 09:00:00,12.374949979596474
2010-02-22 10:00:00,12.841616616814866
2010-02-22 11:00:00,13.28121251318721
2010-02-22 12:00:00,13.649987790000012
2010-02-22 13:00:00,13.914491524826012
2010-02-22 14:00:00,14.082468620382958
2010-02-22 15:00:00,14.17196293567484
2010-02-22 16:00:00,14.20101832970565
2010-02-22 17:00:00,14.187678661479374
2010-02-22 18:00:00,14.149987790000012
2010-02-22 19:00:00,14.101948318776023
2010-02-22 20:00:00,14.04139782933381
2010-02-22 21:00:00,13.962132647704234
2010-02-22 22:00:00,13.857949099918166
2010-02-22 23:00:00,13.722643512006474
2010-02-23 00:00:00,13.550012210000034
2010-02-23 01:00:00,13.34018043544035
2010-02-23 02:00:00,13.11858909191154
2010-02-23 03:00:00,12.91700799850835
2010-02-23 04:00:00,12.767206974325534
2010-02-23 05:00:00,12.700955838457846
2010-02-23 06:00:00,12.750024410000036
2010-02-23 07:00:00,12.932315678629415
2010-02-23 08:00:00,13.21026531635355
2010-02-23 09:00:00,13.532442165762557
2010-02-23 10:00:00,13.84741506944656
2010-02-23 11:00:00,14.103752869995676
2010-02-23 12:00:00,14.250024410000036
2010-02-23 13:00:00,14.25060354425515
2010-02-23 14:00:00,14.133084176378167
2010-02-23 15:00:00,13.940865222191624
2010-02-23 16:00:00,13.71734559751806
2010-02-23 17:00:00,13.505924218180011
2010-02-23 18:00:00,13.350000000000025
2010-02-23 19:00:00,13.278804135368683
2010-02-23 20:00:00,13.26489692294877
2010-02-23 21:00:00,13.266670937971115
2010-02-23 22:00:00,13.242518755666548
2010-02-23 23:00:00,13.150832951265897
2010-02-24 00:00:00,12.950006099999996
2010-02-24 01:00:00,12.617999910335033
2010-02-24 02:00:00,12.211052623678684
2010-02-24 03:00:00,11.804971614673976
2010-02-24 04:00:00,11.47556425796394
2010-02-24 05:00:00,11.29863792819161
2010-02-24 06:00:00,11.350000000000025
2010-02-24 07:00:00,11.678849349217135
2010-02-24 08:00:00,12.227950856410612
2010-02-24 09:00:00,12.913460903333043
2010-02-24 10:00:00,13.651535871737023
2010-02-24 11:00:00,14.358332143375142
2010-02-24 12:00:00,14.950006099999996
2010-02-24 13:00:00,15.361523232148354
2010-02-24 14:00:00,15.603085465493754
2010-02-24 15:00:00,15.7037038344939
2010-02-24 16:00:00,15.692389373606517
2010-02-24 17:00:00,15.598153117289307
2010-02-24 18:00:00,15.450006099999996
2010-02-24 19:00:00,15.271387060152389
2010-02-24 20:00:00,15.063445551984723
2010-02-24 21:00:00,14.821758833691321
2010-02-24 22:00:00,14.54190416346652
2010-02-24 23:00:00,14.219458799504642
2010-02-25 00:00:00,13.850000000000025
2010-02-25 01:00:00,13.439992675436542
2010-02-25 02:00:00,13.039452345456278
2010-02-25 03:00:00,12.709282181990867
2010-02-25 04:00:00,12.510385356971934
2010-02-25 05:00:00,12.50366504233111
2010-02-25 06:00:00,12.750024410000036
2010-02-25 07:00:00,13.283498836620101
2010-02-25 08:00:00,14.030652517671802
2010-02-25 09:00:00,14.891181853345385
2010-02-25 10:00:00,15.764783243831113
2010-02-25 11:00:00,16.551153089319236
2010-02-25 12:00:00,17.14998779000001
2010-02-25 13:00:00,17.487197836972097
2010-02-25 14:00:00,17.59355008496778
2010-02-25 15:00:00,17.526025479627727
2010-02-25 16:00:00,17.34160496659263
2010-02-25 17:00:00,17.097269491503166
2010-02-25 18:00:00,16.850000000000023
2010-02-25 19:00:00,16.641751154149
2010-02-25 20:00:00,16.454372481716444
2010-02-25 21:00:00,16.2546872268938
2010-02-25 22:00:00,16.009518633872545
2010-02-25 23:00:00,15.685689946844136
2010-02-26 00:00:00,15.250024410000036
2010-02-26 01:00:00,14.685180642450556
2010-02-26 02:00:00,14.037158762981429
2010-02-26 03:00:00,13.367794265297231
2010-02-26 04:00:00,12.738922643102546
2010-02-26 05:00:00,12.212379390101948
2010-02-26 06:00:00,11.850000000000025
2010-02-26 07:00:00,11.6963238904471
2010-02-26 08:00:00,11.726706174876542
2010-02-26 09:00:00,11.899205890667444
2010-02-26 10:00:00,12.17188207519892
2010-02-26 11:00:00,12.502793765850079
2010-02-26 12:00:00,12.850000000000025
2010-02-26 13:00:00,13.174445385853772
2010-02-26 14:00:00,13.448616814919964
2010-02-26 15:00:00,13.64788674953314
2010-02-26 16:00:00,13.747627652027848
2010-02-26 17:00:00,13.72321198473863
2010-02-26 18:00:00,13.550012210000034
2010-02-26 19:00:00,13.216561877202778
2010-02-26 20:00:00,12.764038883962291
2010-02-26 21:00:00,12.246782214950166
2010-02-26 22:00:00,11.719130854838017
2010-02-26 23:00:00,11.235423788297433
2010-02-27 00:00:00,10.850000000000025
2010-02-27 01:00:00,10.60657630214085
2010-02-27 02:00:00,10.506380817008836
2010-02-27 03:00:00,10.54001949441636
2010-02-27 04:00:00,10.69809828417581
2010-02-27 05:00:00,10.97122313609957
2010-02-27 06:00:00,11.350000000000025
2010-02-27 07:00:00,11.82565852696545
2010-02-27 08:00:00,12.391923173187706
2010-02-27 09:00:00,13.043142096134536
2010-02-27 10:00:00,13.773663453273697
2010-02-27 11:00:00,14.57783540207293
2010-02-27 12:00:00,15.450006099999996
2010-02-27 13:00:00,16.37598437703448
2010-02-27 14:00:00,17.307421753203386
2010-02-27 15:00:00,18.18743042104555
2010-02-27 16:00:00,18.95912257309982
2010-02-27 17:00:00,19.565610401905012
2010-02-27 18:00:00,19.9500061
2010-02-27 19:00:00,20.06765928531327
2010-02-27 20:00:00,19.922869277332058
2010-02-27 21:00:00,19.532172820933233
2010-02-27 22:00:00,18.912106660993697
2010-02-27 23:00:00,18.079207542390332
2010-02-28 00:00:00,17.050012210000034
2010-02-28 01:00:00,15.855276607638388
2010-02-28 02:00:00,14.582633474875859
2010-02-28 03:00:00,13.333934750221594
2010-02-28 04:00:00,12.211032372184762
2010-02-28 05:00:00,11.31577827927452
2010-02-28 06:00:00,10.750024410000036
2010-02-28 07:00:00,10.580767571633345
2010-02-28 08:00:00,10.735584046498035
2010-02-28 09:00:00,11.107194985680579
2010-02-28 10:00:00,11.588321540267442
2010-02-28 11:00:00,12.071684861345087
2010-02-28 12:00:00,12.450006099999996
2010-02-28 13:00:00,12.641208128791336
2010-02-28 14:00:00,12.664020706169149
2010-02-28 15:00:00,12.562375312056174
2010-02-28 16:00:00,12.38020342637516
2010-02-28 17:00:00,12.161436529048853
2010-02-28 18:00:00,11.950006099999996
2010-02-28 19:00:00,11.780373119960556
2010-02-28 20:00:00,11.649116572899425
2010-02-28 21:00:00,11.543344943594697
2010-02-28 22:00:00,11.450166716824484
2010-02-28 23:00:00,11.356690377366895
2010-03-01 00:00:00,11.250024410000036
2010-03-01 01:00:00,11.123012847801643
2010-03-01 02:00:00,10.99144191704803
2010-03-01 03:00:00,10.876833392315122
2010-03-01 04:00:00,10.800709048178861
2010-03-01 05:00:00,10.784590659215183
2010-03-01 06:00:00,10.850000000000025
2010-03-01 07:00:00,11.01054332823117
2010-03-01 08:00:00,11.248164834093812
2010-03-01 09:00:00,11.536893190894979
2010-03-01 10:00:00,11.850757071941707
2010-03-01 11:00:00,12.163785150541036
2010-03-01 12:00:00,12.450006099999996
2010-03-01 13:00:00,12.683448593625624
2010-03-01 14:00:00,12.838141304724957
2010-03-01 15:00:00,12.888112906605024
2010-03-01 16:00:00,12.807392072572863
2010-03-01 17:00:00,12.570007475935515
2010-03-01 18:00:00,12.149987790000012
